Product ID,Runtime DateTime,Product Title,Price,EAN,Stock Availability
11,2023-04-09 18:39:23.811033,Bored of Lunch: The Healthy Air Fryer Book: THE NO.1 BESTSELLER,£91.55,1529903521,True
1,2023-04-14 21:49:54.570320,Mission 6 Tortillas Plain 368g,£82.65,5021546482605,False
7,2023-04-15 02:34:47.516758,Vax Rapid Power CWGRV011 Revive Carpet Cleaner,£150.0,846/2372,True
8,2023-04-13 05:06:18.962464,Shimmer N Sparkle Colour Changing Window Art,£76.25,954/5171,True
2,2023-04-15 02:06:19.140045,Baker Street Sliced White 550g,£2.19,5027952011187,False
7,2023-04-09 04:03:56.949612,Vax Rapid Power CWGRV011 Revive Carpet Cleaner,£3.41,846/2372,True
13,2023-04-06 09:29:59.265834,"ODLA Flannel Sofa, Home Small Double Curved Back Couch, With Zip Washable, With Pillows 221022(Color:Purple)",£74.97,B0BK52QTNH,True
0,2023-04-14 10:22:04.375225,The Shy Pig Crisp White 75cl,£94.64,39315743502875,False
3,2023-04-07 12:51:13.967727,Baker Street Sliced White 550g,£97.39,5027952011187,False
11,2023-04-08 20:00:17.027365,Bored of Lunch: The Healthy Air Fryer Book: THE NO.1 BESTSELLER,£1.2,1529903521,True
13,2023-04-12 09:52:31.103330,"Baby Bath Toys,5 Modes Spray Water Cute Crocodile Bath Toys for 1+ year old, Light Up Bath Toys with Double Layer Waterproof, Kids Water Toys for Bathroom Swimming Pool, Boys Girls Gifts",£91.45,B09ZP6QNS1,True
9,2023-04-15 17:14:00.525115,Xbox Wireless Controller – Robot White,£41.31,B087VLP2RT,True
9,2023-04-09 09:06:37.004842,Xbox Wireless Controller – Robot White,£82.6,B087VLP2RT,True
4,2023-04-06 17:15:59.918365,Strata 175L Heavy Duty Storage Trunk - Black,£16.49,948/4799,True
12,2023-04-06 01:21:02.670873,"Baby Bath Toys,5 Modes Spray Water Cute Crocodile Bath Toys for 1+ year old, Light Up Bath Toys with Double Layer Waterproof, Kids Water Toys for Bathroom Swimming Pool, Boys Girls Gifts",£16.11,B09ZP6QNS1,True
2,2023-04-07 07:03:43.480430,Baker Street Sliced White 550g,£2.19,5027952011187,False
1,2023-04-09 17:24:11.703463,The Shy Pig Crisp White 75cl,£5.99,39315743502875,False
5,2023-04-15 21:05:11.156299,8 Drawer Combination Tool Cabinet,£58.65,102/1284,True
11,2023-04-11 22:30:58.692351,"muge racing 64Bit PC USB Handbrake with Clamp SIM for Racing Games Logitech G27 G25 G29 T500 T300 FANATECOSW LFS DIRT RALLY.2, Black",£5.41,B094XXVVVQ,True
3,2023-04-15 10:18:50.266387,Baker Street Seeded Rye Bread 500g,£2.34,5027952012573,False
6,2023-04-15 19:17:12.738674,Samsung 43In UE43TU7020KXXU Smart 4K UHD HDR LED TV,£74.49,791/2036,True
7,2023-04-06 13:31:39.362942,Vax Rapid Power CWGRV011 Revive Carpet Cleaner,£150.0,846/2372,True
10,2023-04-15 11:58:35.670632,"muge racing 64Bit PC USB Handbrake with Clamp SIM for Racing Games Logitech G27 G25 G29 T500 T300 FANATECOSW LFS DIRT RALLY.2, Black",£79.99,B094XXVVVQ,True
11,2023-04-09 12:22:20.211848,Bored of Lunch: The Healthy Air Fryer Book: THE NO.1 BESTSELLER,£91.55,1529903521,True
1,2023-04-06 19:32:45.123926,Mission 6 Tortillas Plain 368g,£1.79,5021546482605,False
8,2023-04-15 15:10:14.453512,Shimmer N Sparkle Colour Changing Window Art,£76.25,954/5171,True
9,2023-04-14 08:43:56.079757,Xbox Wireless Controller – Robot White,£18.71,B087VLP2RT,True
7,2023-04-06 06:23:07.451494,Vax Rapid Power CWGRV011 Revive Carpet Cleaner,£3.41,846/2372,True
1,2023-04-06 03:52:09.985646,The Shy Pig Crisp White 75cl,£5.99,39315743502875,False
9,2023-04-15 07:28:41.783066,Shimmer N Sparkle Colour Changing Window Art,£11.0,954/5171,True
14,2023-04-15 21:47:07.772748,"ODLA Flannel Sofa, Home Small Double Curved Back Couch, With Zip Washable, With Pillows 221022(Color:Purple)",£76.48,B0BK52QTNH,True
11,2023-04-15 13:58:57.365148,Bored of Lunch: The Healthy Air Fryer Book: THE NO.1 BESTSELLER,£1.2,1529903521,True
4,2023-04-10 16:48:54.153542,Strata 175L Heavy Duty Storage Trunk - Black,£16.49,948/4799,True
12,2023-04-15 05:42:01.896042,"Baby Bath Toys,5 Modes Spray Water Cute Crocodile Bath Toys for 1+ year old, Light Up Bath Toys with Double Layer Waterproof, Kids Water Toys for Bathroom Swimming Pool, Boys Girls Gifts",£13.37,B09ZP6QNS1,True
5,2023-04-15 11:47:54.438391,8 Drawer Combination Tool Cabinet,£15.84,102/1284,True
1,2023-04-12 09:03:17.422011,Mission 6 Tortillas Plain 368g,£1.79,5021546482605,False
5,2023-04-10 18:19:19.953532,8 Drawer Combination Tool Cabinet,£230.0,102/1284,True
6,2023-04-07 13:07:41.750167,Samsung 43In UE43TU7020KXXU Smart 4K UHD HDR LED TV,£299.0,791/2036,True
8,2023-04-06 12:29:47.333189,Shimmer N Sparkle Colour Changing Window Art,£11.0,954/5171,True
10,2023-04-11 12:49:17.764518,"muge racing 64Bit PC USB Handbrake with Clamp SIM for Racing Games Logitech G27 G25 G29 T500 T300 FANATECOSW LFS DIRT RALLY.2, Black",£90.05,B094XXVVVQ,True
12,2023-04-15 11:22:12.631509,"Baby Bath Toys,5 Modes Spray Water Cute Crocodile Bath Toys for 1+ year old, Light Up Bath Toys with Double Layer Waterproof, Kids Water Toys for Bathroom Swimming Pool, Boys Girls Gifts",£14.99,B09ZP6QNS1,True
13,2023-04-09 18:04:49.585540,"ODLA Flannel Sofa, Home Small Double Curved Back Couch, With Zip Washable, With Pillows 221022(Color:Purple)",£5.94,B0BK52QTNH,True
3,2023-04-14 22:41:30.084961,Baker Street Seeded Rye Bread 500g,£97.98,5027952012573,False
9,2023-04-14 05:27:45.623106,Xbox Wireless Controller – Robot White,£18.71,B087VLP2RT,True
3,2023-04-10 15:49:45.541858,Baker Street Seeded Rye Bread 500g,£97.98,5027952012573,False
13,2023-04-14 12:17:08.340040,"ODLA Flannel Sofa, Home Small Double Curved Back Couch, With Zip Washable, With Pillows 221022(Color:Purple)",£570.85,B0BK52QTNH,True
0,2023-04-09 11:50:09.695993,The Shy Pig Crisp White 75cl,£94.64,39315743502875,False
3,2023-04-15 13:34:35.053215,Baker Street Sliced White 550g,£97.39,5027952011187,False
6,2023-04-15 00:23:58.208151,Samsung 43In UE43TU7020KXXU Smart 4K UHD HDR LED TV,£11.92,791/2036,True
10,2023-04-06 22:59:06.268917,"muge racing 64Bit PC USB Handbrake with Clamp SIM for Racing Games Logitech G27 G25 G29 T500 T300 FANATECOSW LFS DIRT RALLY.2, Black",£79.99,B094XXVVVQ,True
4,2023-04-06 09:04:40.350352,8 Drawer Combination Tool Cabinet,£230.0,102/1284,True
11,2023-04-07 01:28:54.726670,Bored of Lunch: The Healthy Air Fryer Book: THE NO.1 BESTSELLER,£51.47,1529903521,True
13,2023-04-14 12:25:47.174798,"Baby Bath Toys,5 Modes Spray Water Cute Crocodile Bath Toys for 1+ year old, Light Up Bath Toys with Double Layer Waterproof, Kids Water Toys for Bathroom Swimming Pool, Boys Girls Gifts",£91.45,B09ZP6QNS1,True
9,2023-04-06 04:16:04.096567,Xbox Wireless Controller – Robot White,£41.31,B087VLP2RT,True
3,2023-04-06 02:27:47.008707,Baker Street Sliced White 550g,£59.66,5027952011187,False
4,2023-04-06 21:24:02.750321,Baker Street Seeded Rye Bread 500g,£35.96,5027952012573,False
5,2023-04-14 20:28:35.984390,Strata 175L Heavy Duty Storage Trunk - Black,£23.0,948/4799,True
9,2023-04-07 12:52:43.584111,Xbox Wireless Controller – Robot White,£82.6,B087VLP2RT,True
4,2023-04-06 15:48:59.759706,Strata 175L Heavy Duty Storage Trunk - Black,£94.08,948/4799,True
12,2023-04-10 23:56:49.294021,"Baby Bath Toys,5 Modes Spray Water Cute Crocodile Bath Toys for 1+ year old, Light Up Bath Toys with Double Layer Waterproof, Kids Water Toys for Bathroom Swimming Pool, Boys Girls Gifts",£13.37,B09ZP6QNS1,True
5,2023-04-12 18:37:08.500084,8 Drawer Combination Tool Cabinet,£15.84,102/1284,True
11,2023-04-07 01:07:18.183913,"muge racing 64Bit PC USB Handbrake with Clamp SIM for Racing Games Logitech G27 G25 G29 T500 T300 FANATECOSW LFS DIRT RALLY.2, Black",£5.41,B094XXVVVQ,True
1,2023-04-15 11:09:01.522696,Mission 6 Tortillas Plain 368g,£18.7,5021546482605,False
6,2023-04-14 05:08:30.483820,Samsung 43In UE43TU7020KXXU Smart 4K UHD HDR LED TV,£299.0,791/2036,True
13,2023-04-07 05:09:51.028210,"ODLA Flannel Sofa, Home Small Double Curved Back Couch, With Zip Washable, With Pillows 221022(Color:Purple)",£570.85,B0BK52QTNH,True
